[cat:id];[cat-i18n:description];[cat-i18n:description_short];[cat:images];[cat:files];[cat:attributes];[p:locale]
cdxi_category;sco_description;sco_disambiguatingDescription;sco_mediaObject;sco_mediaObject;cdxi_publicationCategoryAttributes;cds_language
604078;;"Lifts for vehicles have no secrets in Rotary. Discover our range of lifting technology now: 2-post lifts, mobile columns, lifting tables, and more.";"61d290695bdffed8a116edd927968777fd926e3d";;"filter-media:00495614_spma-32-35-mi.png";"en"
605668;;"Choose our compressed air technology and buy your next air station now in a selection ranging from our screw compressors to piston compressors.";"1cc3ccfde677e5a043b57a2815f33451f17268b1";;"filter-media:00262541_twinpistoncompressor-logos920-500h-mi.png";"en"
604127;;"Rotary's wheel service products are the symbol of reliability. Find your next tyre changer or wheel balancer on a wide range of tyre service equipment.";"09ab27e52880e0cb17f976669239b7bbfff34b1b";;"filter-media:00479300_wheel-balancer-librak360-brb-mi.png";"en"
604146;;"Rotary diagnostic systems are the ideal solution for wheel alignment. Discover 3D wheel aligners in different versions and ADAS calibration systems now.";"75958466f3ee1ead889de8d69e7df9de509e0293";;"filter-media:00495657_wheel-aligner-3d-wifi-version-large-mi.png";"en"
604166;;"Rotary's battery service range includes high-frequency battery chargers designed specifically for your next workshop job.";"7e95e19e08caa81a28318995b96a4fdbc151502c";;"filter-media:00466366_battery-charger-hs-12-24-120rc_with-remote-display-mi.png";"en"
616154;;"Are you looking for other products? Here you will find sanitizers and workshop furniture to make customers' vehicles safer and your workspace comfortable.";"c3ac610693e8ea57bb4ee11ece15181b1d84bc4f";;"filter-media:00504317_workshop-furniture-rot.wb-c276.900043-mi.png";"en"
605743;;;;;"filter-media:00267364_spot-welder-multispot-mi-100-control-t-mtc-6000-mi.png,filter-category:3510|3511|54222,filter-property:36|1859";"en"
604896;;"Accessories for workshop lifts can seriously make a difference. Our selection of accessories lifts includes kits, rubber pads, covers and much more.";"301ff592247efd05439c4c11ee3358edf74cd092";;"filter-media:00472700_jacking-beam-rj-x26-1-mi.png";"en"
605683;;"Rotary's range of accessories for compressed air technology includes compressor oils, armatures, anti-condensation heating and air receivers. See more now.";"81560900f3ba67ca06a79325343c5999d61352d2";;"filter-media:00136766_air-oil-water-separator-owamat-12-mi.png";"en"
604898;;"Rotary offers a wide range of wheel service accessories, including accessories for wheel balancers and tyre changers such as bead clamps and protections.";"bc0b1491a02738660ff1c1d63ba88b9881d4c78e";;"filter-media:00373642_wheel-balancer-internal-and-external-laser-di.png";"en"
604900;;"Turn tables, tablets, wheel clamps, calibration targets, and camera system calibration: they are just some of the Rotary diagnostic accessories available.";"71a25bafda78dd9f389f4f07a0d8229bc8bdc418";;"filter-media:00437850_wheel-aligners-bu-td2.0wifi-tablet-di.png";"en"
604902;;"Learn more about battery service accessories including trolley battery service suitable for HS12/24-120 series in your workshop.";"28d79901f9c9cfe968fa41a077c9444152e718a7";;"filter-media:00398434_battery-charger-trolley-hs12-24-120b--mi.png";"en"
616159;;;"0ac088b2f68a12940e17e21162c09fc78b3713c9";;"filter-media:00452816_sanitizer-snt-o3-filter-kit-mi.png";"en"
605750;;;;;"filter-media:00267389_c-pliers-arms-mi-419787.png,filter-isAccessoryFor:3510|3511|54222";"en"
605753;;;"cae48ec5902e9baafa42dd0153d72c9b35e24c1c";;;"en"
605733;;;"995cf972bb773b2267fc53605edb183437e746aa";;"filter-media:00452811_sanitizer-snt-o3-trolley-mi.png,filter-isAccessoryFor:526967";"en"
605651;;"Piston compressors with horizontal and vertical compressed air tanks are ideal for small spaces and workshops. Engineered by Blitz.";"ca2c4f04c0c44c556a612e3030f16a014a3fd82e";;"filter-media:00022397_twin-piston-compressor-mobile-airmobil-diesel-mi.png,filter-category:3882,filter-property:5088|6536|6529|5086|3293|444|4838|340|339|5083|5084|93|6510|13";"en"
605730;;;;;;"en"
604082;;"Rotary has several 2-post lifts models to choose from. Discover them all on our website and select the most suitable one for your workshop.";"61d290695bdffed8a116edd927968777fd926e3d";;"filter-media:00495614_spma-32-35-mi.png,filter-category:3441,filter-property:4079|368|498|3465|61|262|6510|6496|6497|6498";"en"
604133;;"Automatic tyre changer machines ideal for tyre removal operations. Choose from leverless, computerised tyre changers, with pneumatic wheel lift, and more.";"f72ee4ad9067560b89f775ced11b1f13f41fa4f4";;"filter-media:00373684_tyre-changers-capture4-mi.png,filter-category:3483|3482,filter-property:6521|6522|6531|6523|6524|4959|3335|399|29|6519|6520|5";"en"
604955;;"Rotary's battery chargers accessories offers solutions such as battery service trolleys for use in your regular car electric shop operations.";"28d79901f9c9cfe968fa41a077c9444152e718a7";;"filter-media:00398434_battery-charger-trolley-hs12-24-120b--mi.png,filter-isAccessoryFor:3582";"en"
604942;;"Learn more about our wheel aligners accessories. Our selection includes carriages for wheel holders, wall panels, wheel clamps and more!";"ce47da06f62e4cf35fa2fb4ea62f6124b8ec43c4";;"filter-media:00472556_point-clamps_di.png,filter-isAccessoryFor:3404|3403";"en"
604940;;"Rotary's tyre changers accessories are ideal if you are looking for leverless kits, adapters and protections for workshop equipment.";"a678f3fb75b24678038e3ecdb98ec8adf28bb1fa";;"filter-media:00394184_tyre-changer-rim-flange-di.png,filter-isAccessoryFor:3483|3482";"en"
605685;;"Are you looking for components, flexible hoses and noise reducers for your workshop equipment? Take a look at the piston compressors accessories we supply!";"a82fec0ad522de4d018ca272ae424d8c511110bc";;"filter-media:00022387_kondensatableiter-automatisch_web.png,filter-isAccessoryFor:3882";"en"
604159;;"Are you looking for wheel aligners for your workshop? Choose tablet-controlled wheel aligners, with Bluetooth data transmission.";"75958466f3ee1ead889de8d69e7df9de509e0293";;"filter-media:00495657_wheel-aligner-3d-wifi-version-large-mi.png,filter-category:3404|3403,filter-property:6538|6523|6524|6534|26|127";"en"
605734;;;"31486f87e462a9997a03563038251c56ca846851";;"filter-media:00267364_spot-welder-multispot-mi-100-control-t-mtc-6000-mi.png,filter-category:3511,filter-property:36|1859";"en"
616153;;;"92c2d39a18489349976caad039cd54a19bf76cd8";;"filter-media:00504323_workshop-furniture-tune-series-mi.png,filter-category:3547|3605|3606|3607|3608|3609,filter-property:170|79|80";"en"
604171;;"Battery chargers from the battery service range are high-frequency devices engineered specifically for any vehicle electric shop operation.";"6e0b83e6ab545ae64502dfd77b4c3d143cb19d83";;"filter-media:00361528_battery-charger-hs-12-24-120-520550_mi.png,filter-category:3582,filter-property:6542|5023|174|2855|180";"en"
604904;;"Accessories for 2-post lifts will become your new support team to make your equipment even more efficient. You will find support kit, adaptators, and more.";"2197b0ce07df0eb88f9b121a71de5eb0de4d5bfc";;"filter-media:00312548_2-post-lift-spoa-3t-e-operating-unit-2014-di.png,filter-isAccessoryFor:3441";"en"
605752;;;"0246a8daf1c4c99c5b6e2b666e9e927fb60b8730";;"filter-media:00267389_c-pliers-arms-mi-419787.png,filter-isAccessoryFor:3511";"en"
604092;;"The Rotary 4-post lifts are available in various models, with load capacity ranging from 4 tonnes up to 8 tonnes. Find out more!";"3f8fb6f357fc4c757ff50379abf2e9bfcfecbc28";;"filter-media:00349255_4-post-lift-sm-55lt-5er-bmw-mi.png,filter-category:3442,filter-property:4079|368|498|3465|61|262|6505|6510|6500|666|6499";"en"
604163;;;"719f5875f086e9132d0275fc02e9b8757ccdb207";;"filter-media:00408614_brake-tester-burt004-monitor-mi.png,filter-category:156541|3411,filter-property:5018|1785|1964|1965|192|6510";"en"
604134;;"Choose computerized monitor wheel balancers or electronic balancing machines for your next tyre balancing operation. Also available for motorcycle wheels.";"794ebfec679f29a403245bcd58c0f53fc159f58e";;"filter-media:00373714_wheel-balancer-librak430-mi.png,filter-category:3485,filter-property:6525|6526|6523|6524|26|4915|29|5";"en"
604866;;;;;;"en"
605652;;"Screw compressors are high-performance compressed air stations. These compact air stations are perfect in terms of savings and efficiency.";"a3dd27f34839a17d83f2f567a4b6b48aca1132b0";;"filter-media:00262514_compact-screw-compressor-monsun-fast-15-8-10-13-open-mi.png,filter-category:3884,filter-property:5088|6536|6537|6529|5086|3293|277|5083|5084|93|6510|13";"en"
604943;;;"fff9e19a60424ac5fabe4b5d92243d42ae9d6f7b";;"filter-media:00408631_brake-tester-display-with-mounting-di.png,filter-isAccessoryFor:156541";"en"
604941;;"Find suitable wheel balancers accessories to improve balancing operations. You can find universal flanges, centering cones and much more.";"a5059f8ff267c72fef546ad260cf78a827716a45";;"filter-media:00430972_wheel-balancer-type-flange-for-5-hole-rims-renault-trafic-di-gar219.png,filter-isAccessoryFor:3485";"en"
605713;;"VSG vehicle disinfection devices are fully automatic, remote-controlled sanitizers ideal for keeping the vehicle interior safe. Find out more.";"311265b920231172b97fa0d17ec8e758d4695241";;"filter-media:00452814_sanitizer-snt-o3-mi.png,filter-category:526967,filter-property:6554|832|6549|6551";"en"
604905;;"Rotary accessories for 4-post lifts include tools such as extensions, additional ramps, inground kits, and rubber pads. Discover them all!";"64540609375411e6381cf1791864ffca60f9e28a";;"filter-media:00309599_additional-drive-on-ramps-900mm-mi.png,filter-isAccessoryFor:3442";"en"
605686;;"Cyclone separators, heat recovering and anti-condensation heating will no longer be a problem if you are looking for accessories for screw compressors.";"8da311ab406dcaab0407888bb0f83202ea2bf890";;"filter-media:00022476_warmetauscher_web.png,filter-isAccessoryFor:3884";"en"
604093;;"Save space in the workshop with Rotary low-rise lifts. With a load capacity of up to three tonnes, our low-rise scissor lifts will be your ideal solution.";"5fd7130284b4f1a7a611520ec96cc1b8b68a67b3";;"filter-media:00447996_scissor-lift-xs30n-mi.png,filter-category:3444,filter-property:4856|368|3465|61|262|6507|6510|1676";"en"
605687;;"The selection of refrigeration dryers designed by Blitz includes energy-saving refrigeration dryers and pressure-swing desiccant dryers. See more now!";"678ac637d9f8282d1c256c6c464402ee4494993f";;"filter-media:00346785_air-dryer-bt-mi.png,filter-category:263737";"en"
605688;;"Select the compressed air filters you need for your compressed air treatment operations. Choose the right product based on the features you are looking for.";"a54108113fa8ca38b744a7a84ecbc2f3a12f57b2";;"filter-media:00022386_air-condensate-drain-bekomat-21-mi.png,filter-category:3549";"en"
604135;;"Our selection of tyre pressure gauges includes numerous versions. Find out more about your next portable or stationary tyre inflator for workshop.";"3f87107d6d278eb461cf5864373fcb4f242bdc1a";;"filter-media:00466348_tire_inflator_cat.png,filter-category:3551|24563,filter-property:832|6535|476|6534|26|477|59";"en"
604954;;"If you are looking for ADAS accessories, here you can find calibration panels and targets or camera system calibration that best suit your needs.";"b2d1f1cfe47546edf8c4d483360df8e35ca71e14";;"filter-media:00421216_anpassung-fahrerassistenzsysteme.png,filter-isAccessoryFor:411243";"en"
604944;;;"7d67e7adb054f877c8d1f085a00d890cb13b5084";;"filter-media:00510118_tyre-inflator-giboxa2-mi-02.png,filter-isAccessoryFor:3551|24563,filter-property:832|6535|476|6534|26|477|59";"en"
604165;;"ADAS calibration systems are the future of car diagnosis. These calibration systems developed with TEXA are available in both panel and monitor versions.";"670edb2ccfbdc94d8fb2e9de15191bef39d010b9";;"filter-media:00495774_rotary-diagnostic-adas-cover-mi.png,filter-category:411243,filter-property:6562|6563|832";"en"
604906;;"Discover all Rotary accessories for mid-rise lifts. Selection from long ramps for sports cars to installation boxes for floor-level installation.";"affdee15b3a87e9994e5abdf89ae2188536e1951";;"filter-media:00287551_xs-30-drive-on-ramps-sports-car-mi.png,filter-isAccessoryFor:3444";"en"
605648;;"The wheel assembly trolley is ideal for transporting and mounting wheels. This workshop equipment is a battery-powered mobile wheel carriage.";"3356d776e7066e8ff26d12043e4811954830f0f0";;"filter-media:00377512_mobile-wheel-carriage-mw80-mi-124524.png,filter-category:263550,filter-property:368|61|63|6510";"en"
604907;;"Rubber pad , cross beam kit, inground kits and sports car ramps. Here you will find all accessories for double scissor lifts.";"7641afe014ce6152d28b9d6c88d377951a17889c";;"filter-media:00392090_scissor-lift-ds-32-30-mm-rubber-pad-di.png,filter-isAccessoryFor:3443";"en"
605690;;"Learn more about compressed air distribution devices, maintenance units and fittings. You can find key products such as condensate drain/filter combination.";"571763c0f806a7292426c9b92e93dd0c12ec5c2e";;"filter-media:00022395_operating-hours-counter-web-mid.png,filter-category:3552|3549";"en"
604094;;"Rotary double scissor lifts have a smart design and ensure easy operation. Discover our electro-hydraulic scissor lifts with capacity from 3200 to 3500 kg.";"2dca4fd91408ab2e62e364b741ba318ebd44f064";;"filter-media:00285861_scissor-lift-ds-35-mi.png,filter-category:3443,filter-property:4856|368|3465|61|262|6507|6510|1676";"en"
605677;;"Safety arms and retrofit kit for MW50 and MW80 are the next accessories for the Rotary wheel assembly trolley and your wheel transport operations.";"e31af82172ed51938af41268361f154030ea1e99";;"filter-media:00438629_retrofit-kit-mw80-jd-nkit-mi-126692.png,filter-isAccessoryFor:263550";"en"
605723;;;"bc73fcd9f48057cf2489b29df4978e946cf15d90";;"filter-media:00409445_teq-link-logo-01-mi.png,filter-category:3426";"en"
605689;;"One of the most important devices in compressed air operations is the compressed air tank available on our range in both vertical and horizontal execution.";"5efbd542591c77e6261523204cfe9067d53e3322";;"filter-media:00022371_druckluftbehalter-liegend_web.png,filter-category:20964";"en"
604095;;"Rotary range includes robust truck scissor lift platforms with capacities of up to 3500 kg, motorbike lifts as well as scissor lifts for standard vehicles.";"fa0be643f75563ace8a056517272773a41a1e286";;"filter-media:00285863_scissor-lift-s-40-mi.png,filter-category:3445|24026|571841,filter-property:4856|368|3465|61|262|6507|6510|1676|6500|666|6499";"en"
604908;;"Ramp kits, LED lighting kits, floor leveling and jacking beams will be your next accessories for scissor lifts. Discover Rotary accessories now.";"9869cca21c58d9a82b88e6785693716bb878f4ca";;"filter-media:00287553_rubber-bases-80mm-new-mi.png,filter-isAccessoryFor:3445|24026|571841";"en"
605632;;;"9a427ce4a75528af867aa7a811d39f059a5e9b18";;"filter-media:00058577_in-ground-lift-sl-235-bmw-x5-front-mi.png,filter-category:3430|3432|3433|3436|3437,filter-property:6501|6506|368|3465|61|262|160|1676|6500|6509|666|6496|6497|6498|6499|663";"en"
604909;;"Pad adapters, runway supports and galvanized installation cassettes. Accessories for inground lifts in your workshop will ensure your comfort.";"f6cad06cb70dfbb26e6801d7a4dc9957f62f0e35";;"filter-media:00243681_in-ground-lift-2nd-controler-di.png,filter-isAccessoryFor:3430|3432|3433|3436|3437";"en"
605672;;"Accessories for multi-ram lifts are what you need if you are looking for automatic “run-into” protections, cable suspensions or support plates.";"d5ebbda6d6e43eef4cca522eb9d7e8a2bcfd3de3";;"filter-media:00346765_smart-cart.png,filter-isAccessoryFor:3450";"en"
605638;;"Learn more about multi-ram lifts DUPLEX Series. The multi-ram lifts are ideal for heavy vehicles such as trucks, buses or agricultural machines.";"07d8f4eaf4226bcb0be6835a329fd2c919101abc";;"filter-media:00346768_duplex-s2-3d-mi.png,filter-category:3450,filter-property:1644|6506|368|3465|6533|6530|61|3127|63|6532|6510|1676";"en"
604925;;"Discover the best accessories for mobile column lifts. Front and rear adapters for columns and many other complements await you.";"b69fa1dfa47fd1b252a16449b310d12c71f25400";;"filter-media:00263258_hydrolift-traverse-12-2C4-t-di.png,filter-isAccessoryFor:3452";"en"
604107;;"Mobile column lifts are the perfect workshop equipment if you are looking for heavy-duty vehicle lifts. Discover our Hydrolift range now!";"c9b1bb50bd97ed8c9d95ef38e039f85d7bd2d439";;"filter-media:00409831_hydrolift-s2-agrar-with-john-deere-front-ral7016-mi.png,filter-category:3452,filter-property:368|4080|1644|61|3127|63|3782|5|6510";"en"
604108;;"Choose the best pit lifts that combine ergonomic design with modern lifting technology and safety. Available in suspended and floor-running versions.";"632c1df9530ea594d5c9bdda98e936cce3250f9e";;"filter-media:00202271_blitz-m-15_15-premium.png,filter-category:3560|3563|3561|3562|3567,filter-property:368|688|4859|6527|6528|6530|61|63|83|86|6510|1676";"en"
604915;;"If you are looking for accessories for pit lifts for your workshop you can find here supporting packages, support plates, traverses for pit lifts and more.";"b942363dcefc3c3adda5d43d641ebb4a1f338655";;"filter-media:00022512_gearbox-plate-ga-pkw-mi.png,filter-isAccessoryFor:3560|3563|3561|3562|3564|3567|3568";"en"
604109;;"Our transmission jack is your next helper in the workshop. Gearbox lifts are ideal for small and medium loads. Engineered by Blitz.";"abae30f206a042208b61e251b581fab56b8582b4";;"filter-media:00022499_gearbox-lift-junior-jack-2-2C0-s2-mi.png,filter-category:3570,filter-property:368|688|6527|61|63|86|6510|1676";"en"
604934;;"Spare parts and accessories for gearbox lifts. Choose the accessory you need most to make the equipment in your workshop even more advanced.";"b8afa6f8c8f0f1c2a5494573196e47383f9c0fcd";;"filter-media:00023459_mittelpunktaufnahme-master-gear-103544_web.png,filter-isAccessoryFor:3570";"en"
604110;;"The hydropneumatic Rotary jacking beams are developed to last a long time and guarantee effortless precision in your workshop operations.";"20633b23c18ad4c96b08523088fb527c755110fe";;"filter-media:00022493_jacking-beam-ghusktp-mi.png,filter-category:3573|3574,filter-property:368|688|4853|6527|6528|6530|61|63|86|6510|1676";"en"
604917;;;"3dd0d091631e7edceedc9a0a84a4e1cea2623bac";;"filter-media:00466347_accessories_jacking_beam-mi.png,filter-isAccessoryFor:3573|3574";"en"
604111;;"Is the universal lifting table for lifting engines and batteries what you are looking for in your workshop? Discover the Rotary lifting tables range!";"93e1582758df9f797bf4b9f4e3142fdbefa22b9a";;"filter-media:00022504_gearbox-lift-master-gear-1-2C0-mi.png,filter-category:3571,filter-property:368|688|61|63|6510|1676";"en"
604939;;"Find the ideal accessories for lifting tables within the Rotary selection. Choose the ideal aggregate universal support for holding engines and components.";"6fe7334d0aa3643a5826b9057636951ebb0d3337";;"filter-media:00489217_Accessory-Lifting-Tables-Aggregate-mounting-Universal-107856-MI.png,filter-isAccessoryFor:3571";"en"
605649;;"Our range of mobile workshop presses includes the King Pin presses. Ideal equipment for the fast and safe removal and injection of kingpins.";"e645e9f2e7a01d58ca5deafbfaeb10b52ff95d1b";;"filter-media:00425196_kingpin-press-bp65-mi.png,filter-category:3587,filter-property:368|162|63|1643|1643|6510|1676";"en"
605679;;;;;"filter-isAccessoryFor:3587";"en"
605650;;"Special tools for special projects. Discover a vast amount of workshop equipment including lifting devices, aggregate supports and removal devices.";"bf529f574d01bd5ecc7ff665995474493f445e1f";;"filter-media:00022571_motorhebevorrichtung--m_c_s-klasse--m-30-1.png,filter-category:3564|3568,filter-property:6546|61|622|80";"en"
605681;;"Accessories and special tools are indispensable in the workshop. This is why load regulators, engine lifting devices or adaptations are so important.";"eea740c38a62ba90c02088d5f21d2252f64fc13a";;"filter-media:00022572_cdisk-s-g-detail_web.png,filter-isAccessoryFor:3564|3568";"en"
605698;;"Gearbox plates are accessories for gearbox lifts, lifting tables and pit lifts. These devices are particularly suitable for automatic transmissions.";"8e462b11abd7f10c9836a828ea276bdd0de1d982";;"filter-media:00022508_gearbox-plate-ga-iii-mi.png,filter-category:538665,filter-property:61|622|80";"en"
605699;;"Customise your workshop car lift with load carrying devices that will make it perfect for your needs. Find out more about bushings, spacers, support plates.";"30c25fa236c1418a17130981bfe5ec20d9962e1d";;"filter-media:00023275_supporting-folks-60-165-without-text-web-mid.png,filter-category:517844|517846,filter-property:6546|61|622|80";"en"
605700;;"Support systems for workshop lifts help every mechanic to make their workshop equipment more powerful and efficient. Discover all lifting supports now.";"86f24777d7d5549fa5a09e9188ee852bef03072c";;"filter-media:00023295_traverse-tef-107445-without-text-web-mid.png,filter-category:517848,filter-property:6546|61|622|80";"en"
605701;;"Thanks to the segment pit covering, it's possible to work in front of, beneath, and behind the vehicle simultaneously using the side access steps as well.";"5c815083fe20efaa88f91e58f518cc0b91a2b8d7";;"filter-media:00023013_grubenabdeckung_web.png,filter-category:3577,filter-property:5018";"en"
605702;;"Choose the workshop pit frame that suits you best. Discover the many types of garage pit edging that Rotary lifts offers.";"896514225da4658649f3b88e0e65a1f250de5b9b";;"filter-media:00023017_grbeinf-typ-a_web.png,filter-category:3578";"en"
604861;;;;;;"en"
605725;;;;;;"en"
605726;;;;;;"en"
604859;;;;;;"en"
605727;;;;;;"en"
604855;;;;;;"en"
605728;;;;;;"en"
604851;;;;;;"en"
604850;;;;;;"en"
604849;;;;;;"en"
604857;;;;;;"en"
605724;;;;;;"en"
604858;;;;;;"en"
604853;;;;;;"en"
604852;;;;;;"en"
604860;;;;;;"en"
604862;;;;;;"en"
604864;;;;;;"en"
604865;;;;;;"en"
604863;;;;;;"en"
605729;;;;;;"en"
604856;;;;;;"en"
