[cat:id];[cat-i18n:description];[cat-i18n:description_short];[cat:images];[cat:files];[cat:attributes];[p:locale]
cdxi_category;sco_description;sco_disambiguatingDescription;sco_mediaObject;sco_mediaObject;cdxi_publicationCategoryAttributes;cds_language
604078;;"I ponti sollevatori non hanno segreti in Rotary. Scopri la nostra linea di sollevatori a 2 colonne, colonne mobili, carrelli sollevatori e altro ancora.";"61d290695bdffed8a116edd927968777fd926e3d";;"filter-media:00495614_spma-32-35-mi.png";"it"
605668;;"Scegli i compressori d’aria compressa e acquista ora il tuo prossimo compressore a vite o il tuo nuovo compressore a pistone.";"1cc3ccfde677e5a043b57a2815f33451f17268b1";;"filter-media:00262541_twinpistoncompressor-logos920-500h-mi.png";"it"
604127;;"Il servizio gomme Rotary è simbolo di affidabilità. Trova il tuo prossimo smontagomme o equilibratrice all'interno della nostra gamma di attrezzature per gommisti.";"09ab27e52880e0cb17f976669239b7bbfff34b1b";;"filter-media:00479300_wheel-balancer-librak360-brb-mi.png";"it"
604146;;"I sistemi di diagnosi Rotary sono la soluzione ideale per l'allineamento delle ruote. Scopri tutte le versioni di assetti ruote 3D e sistemi di calibrazione ADAS.";"75958466f3ee1ead889de8d69e7df9de509e0293";;"filter-media:00495657_wheel-aligner-3d-wifi-version-large-mi.png";"it"
604166;;"Il servizio batterie Rotary comprende caricabatterie ad alta frequenza progettati appositamente per il tuo prossimo lavoro in officina.";"7e95e19e08caa81a28318995b96a4fdbc151502c";;"filter-media:00466366_battery-charger-hs-12-24-120rc_with-remote-display-mi.png";"it"
616154;;"Stai cercando altri prodotti? Qui troverai sanificatori e arredamento da officina per rendere più efficiente e confortevole il tuo spazio di lavoro.";"c3ac610693e8ea57bb4ee11ece15181b1d84bc4f";;"filter-media:00504317_workshop-furniture-rot.wb-c276.900043-mi.png";"it"
605743;;;;;"filter-media:00267364_spot-welder-multispot-mi-100-control-t-mtc-6000-mi.png,filter-category:3510|3511|54222,filter-property:36|1859";"it"
604896;;"Gli accessori per i ponti sollevatori da officina possono fare davvero la differenza. La nostra selezione comprende kit, gommini, coperture e molto altro.";"301ff592247efd05439c4c11ee3358edf74cd092";;"filter-media:00472700_jacking-beam-rj-x26-1-mi.png";"it"
605683;;"La gamma Rotary di accessori per compressori d'aria  comprende filtri per compressori, essiccatori e protezioni. Scopri subito di più!";"81560900f3ba67ca06a79325343c5999d61352d2";;"filter-media:00136766_air-oil-water-separator-owamat-12-mi.png";"it"
604898;;"Rotary offre un'ampia gamma di accessori per il servizio gomme, come accessori per equilibratrici e smontagomme, fra cui morsetti e protezioni.";"bc0b1491a02738660ff1c1d63ba88b9881d4c78e";;"filter-media:00373642_wheel-balancer-internal-and-external-laser-di.png";"it"
604900;;"Piatti rotanti, staffe, morsetti per ruote e sensori di calibrazione sono solo alcuni degli accessori per diagnosi Rotary disponibili.";"71a25bafda78dd9f389f4f07a0d8229bc8bdc418";;"filter-media:00437850_wheel-aligners-bu-td2.0wifi-tablet-di.png";"it"
604902;;"Scopri di più sugli accessori del servizio batterie, come il carrello per la manutenzione della batteria adatto alla serie HS12/24-120.";"28d79901f9c9cfe968fa41a077c9444152e718a7";;"filter-media:00398434_battery-charger-trolley-hs12-24-120b--mi.png";"it"
616159;;;"0ac088b2f68a12940e17e21162c09fc78b3713c9";;"filter-media:00452816_sanitizer-snt-o3-filter-kit-mi.png";"it"
605750;;;;;"filter-media:00267389_c-pliers-arms-mi-419787.png,filter-isAccessoryFor:3510|3511|54222";"it"
605753;;;"cae48ec5902e9baafa42dd0153d72c9b35e24c1c";;;"it"
605733;;;"995cf972bb773b2267fc53605edb183437e746aa";;"filter-media:00452811_sanitizer-snt-o3-trolley-mi.png,filter-isAccessoryFor:526967";"it"
605651;;"I compressori d’aria a pistone orizzontali e verticali sono ideali per piccoli spazi e officine. Progettati da Blitz.";"ca2c4f04c0c44c556a612e3030f16a014a3fd82e";;"filter-media:00022397_twin-piston-compressor-mobile-airmobil-diesel-mi.png,filter-category:3882,filter-property:5088|6536|6529|5086|3293|444|4838|340|339|5083|5084|93|6510|13";"it"
605730;;;;;;"it"
604082;;"Rotary ha numerosi modelli di ponti sollevatori a 2 colonne tra cui scegliere. Scoprili tutti sul nostro sito web e scegli quello più adatto alla tua officina.";"61d290695bdffed8a116edd927968777fd926e3d";;"filter-media:00495614_spma-32-35-mi.png,filter-category:3441,filter-property:4079|368|498|3465|61|262|6510|6496|6497|6498";"it"
604133;;"Smontagomme automatici ideali per le operazioni di rimozione dei pneumatici. Scegli fra smontagomme senza leva, computerizzati e altri ancora.";"f72ee4ad9067560b89f775ced11b1f13f41fa4f4";;"filter-media:00373684_tyre-changers-capture4-mi.png,filter-category:3483|3482,filter-property:6521|6522|6531|6523|6524|4959|3335|399|29|6519|6520|5";"it"
604955;;"La gamma di accessori per caricabatterie Rotary offre soluzioni giuste da utilizzare nelle normali operazioni di elettrauto quotidiane.";"28d79901f9c9cfe968fa41a077c9444152e718a7";;"filter-media:00398434_battery-charger-trolley-hs12-24-120b--mi.png,filter-isAccessoryFor:3582";"it"
604942;;"Scopri di più sui nostri accessori per assetti ruote. Questa selezione comprende carrelli porta-ruote, pannelli a parete, morsetti e altro ancora!";"ce47da06f62e4cf35fa2fb4ea62f6124b8ec43c4";;"filter-media:00472556_point-clamps_di.png,filter-isAccessoryFor:3404|3403";"it"
604940;;"Gli accessori per smontagomme di Rotary sono ideali se stai cercando kit, adattatori e protezioni per le tue attrezzature da officina.";"a678f3fb75b24678038e3ecdb98ec8adf28bb1fa";;"filter-media:00394184_tyre-changer-rim-flange-di.png,filter-isAccessoryFor:3483|3482";"it"
605685;;"Sei alla ricerca di tubi flessibili e riduttori di rumore per i tuoi compressori? Dai uno sguardo ai nostri accessori per compressori d'aria a pistone!";"a82fec0ad522de4d018ca272ae424d8c511110bc";;"filter-media:00022387_kondensatableiter-automatisch_web.png,filter-isAccessoryFor:3882";"it"
604159;;"Sei alla ricerca di assetti ruote per la tua officina? Qui troverai gli assetti ruote tablet-controlled, con trasmissione dati Bluetooth.";"75958466f3ee1ead889de8d69e7df9de509e0293";;"filter-media:00495657_wheel-aligner-3d-wifi-version-large-mi.png,filter-category:3404|3403,filter-property:6538|6523|6524|6534|26|127";"it"
605734;;;"31486f87e462a9997a03563038251c56ca846851";;"filter-media:00267364_spot-welder-multispot-mi-100-control-t-mtc-6000-mi.png,filter-category:3511,filter-property:36|1859";"it"
616153;;;"92c2d39a18489349976caad039cd54a19bf76cd8";;"filter-media:00504323_workshop-furniture-tune-series-mi.png,filter-category:3547|3605|3606|3607|3608|3609,filter-property:170|79|80";"it"
604171;;"Questi caricatori di batterie sono dispositivi ad alta frequenza progettati specificamente per le operazioni di officina elettrica di qualsiasi veicolo.";"6e0b83e6ab545ae64502dfd77b4c3d143cb19d83";;"filter-media:00361528_battery-charger-hs-12-24-120-520550_mi.png,filter-category:3582,filter-property:6542|5023|174|2855|180";"it"
604904;;"Gli accessori per ponti sollevatori a 2 colonne diventeranno il tuo nuovo team di supporto per rendere le tue attrezzature ancora più efficienti.";"2197b0ce07df0eb88f9b121a71de5eb0de4d5bfc";;"filter-media:00312548_2-post-lift-spoa-3t-e-operating-unit-2014-di.png,filter-isAccessoryFor:3441";"it"
605752;;;"0246a8daf1c4c99c5b6e2b666e9e927fb60b8730";;"filter-media:00267389_c-pliers-arms-mi-419787.png,filter-isAccessoryFor:3511";"it"
604092;;"I ponti sollevatori a 4 colonne Rotary sono disponibili in vari modelli, con capacità di carico da 4 a 8 tonnellate. Scopri di più!";"3f8fb6f357fc4c757ff50379abf2e9bfcfecbc28";;"filter-media:00349255_4-post-lift-sm-55lt-5er-bmw-mi.png,filter-category:3442,filter-property:4079|368|498|3465|61|262|6505|6510|6500|666|6499";"it"
604163;;;"719f5875f086e9132d0275fc02e9b8757ccdb207";;"filter-media:00408614_brake-tester-burt004-monitor-mi.png,filter-category:156541|3411,filter-property:5018|1785|1964|1965|192|6510";"it"
604134;;"Scegli le equilibratrici computerizzate con monitor o le equilibratrici elettroniche migliori per la tue prossime operazione di equilibratura dei pneumatici.";"794ebfec679f29a403245bcd58c0f53fc159f58e";;"filter-media:00373714_wheel-balancer-librak430-mi.png,filter-category:3485,filter-property:6525|6526|6523|6524|26|4915|29|5";"it"
604866;;;;;;"it"
605652;;"I compressori d'aria a vite sono stazioni d'aria compressa ad alte prestazioni.  Questi compressori compatti sono perfetti in termini di risparmio ed efficienza.";"a3dd27f34839a17d83f2f567a4b6b48aca1132b0";;"filter-media:00262514_compact-screw-compressor-monsun-fast-15-8-10-13-open-mi.png,filter-category:3884,filter-property:5088|6536|6537|6529|5086|3293|277|5083|5084|93|6510|13";"it"
604943;;;"fff9e19a60424ac5fabe4b5d92243d42ae9d6f7b";;"filter-media:00408631_brake-tester-display-with-mounting-di.png,filter-isAccessoryFor:156541";"it"
604941;;"Trova gli accessori per equilibratrici adatti a migliorare le operazioni di equilibratura. Puoi trovare flange universali, coni di centraggio e altro.";"a5059f8ff267c72fef546ad260cf78a827716a45";;"filter-media:00430972_wheel-balancer-type-flange-for-5-hole-rims-renault-trafic-di-gar219.png,filter-isAccessoryFor:3485";"it"
605713;;"I sanificatori per veicoli VSG sono igienizzatori completamente automatici e controllati a distanza, ideali per mantenere l'interno del veicolo sicuro. Scopri di più.";"311265b920231172b97fa0d17ec8e758d4695241";;"filter-media:00452814_sanitizer-snt-o3-mi.png,filter-category:526967,filter-property:6554|832|6549|6551";"it"
604905;;"Gli accessori Rotary per ponti sollevatori a 4 colonne comprendono strumenti come prolunghe, rampe, kit per l'incasso e gommini. Scoprili ora!";"64540609375411e6381cf1791864ffca60f9e28a";;"filter-media:00309599_additional-drive-on-ramps-900mm-mi.png,filter-isAccessoryFor:3442";"it"
605686;;"I separatori a ciclone o i recuperatori di calore non saranno più un problema se cerchi deglii accessori per compressori d'aria a vite fra i nostri prodotti.";"8da311ab406dcaab0407888bb0f83202ea2bf890";;"filter-media:00022476_warmetauscher_web.png,filter-isAccessoryFor:3884";"it"
604093;;"Risparmia spazio in officina con i ponti sollevatori a bassa alzata Rotary. Con una capacità fino a tre tonnellate, saranno perfetti per il tuo lavoro.";"5fd7130284b4f1a7a611520ec96cc1b8b68a67b3";;"filter-media:00447996_scissor-lift-xs30n-mi.png,filter-category:3444,filter-property:4856|368|3465|61|262|6507|6510|1676";"it"
605687;;"La selezione di essiccatori d’aria a refrigerazione progettati da Blitz comprendono essiccatori a risparmio energetico e ad oscillazione di pressione.";"678ac637d9f8282d1c256c6c464402ee4494993f";;"filter-media:00346785_air-dryer-bt-mi.png,filter-category:263737";"it"
605688;;"Seleziona i filtri per aria compressa di cui hai bisogno per le tue operazioni di trattamento dell'aria compressa. Scegli subito il prodotto giusto per te.";"a54108113fa8ca38b744a7a84ecbc2f3a12f57b2";;"filter-media:00022386_air-condensate-drain-bekomat-21-mi.png,filter-category:3549";"it"
604135;;"La nostra selezione di gonfiatori pneumatici comprende numerose versioni. Scopri di più sul tuo prossimo gonfiatore di pneumatici portatile o fisso.";"3f87107d6d278eb461cf5864373fcb4f242bdc1a";;"filter-media:00466348_tire_inflator_cat.png,filter-category:3551|24563,filter-property:832|6535|476|6534|26|477|59";"it"
604954;;"Se sei alla ricerca di accessori ADAS, qui puoi trovare pannelli di calibrazione e target per la calibrazione di telecamere più adatti alle tue esigenze.";"b2d1f1cfe47546edf8c4d483360df8e35ca71e14";;"filter-media:00421216_anpassung-fahrerassistenzsysteme.png,filter-isAccessoryFor:411243";"it"
604944;;;"7d67e7adb054f877c8d1f085a00d890cb13b5084";;"filter-media:00510118_tyre-inflator-giboxa2-mi-02.png,filter-isAccessoryFor:3551|24563,filter-property:832|6535|476|6534|26|477|59";"it"
604165;;"I sistemi di calibrazione ADAS sono il futuro della diagnosi automobilistica. Questi sistemi sviluppati con TEXA sono disponibili sia in versione a pannelli sia a monitor.";"670edb2ccfbdc94d8fb2e9de15191bef39d010b9";;"filter-media:00495774_rotary-diagnostic-adas-cover-mi.png,filter-category:411243,filter-property:6562|6563|832";"it"
604906;;"Scopri tutti gli accessori Rotary per ponti sollevatori a bassa alzata come di rampe per auto sportive e cabine di montaggio per operazioni a livello di pavimento.";"affdee15b3a87e9994e5abdf89ae2188536e1951";;"filter-media:00287551_xs-30-drive-on-ramps-sports-car-mi.png,filter-isAccessoryFor:3444";"it"
605648;;"I sollevatori per ruote auto sono ideali per il trasporto degli pneumatici. Questa gamma presenta una serie di carrelli per ruote mobili alimentati a batteria.";"3356d776e7066e8ff26d12043e4811954830f0f0";;"filter-media:00377512_mobile-wheel-carriage-mw80-mi-124524.png,filter-category:263550,filter-property:368|61|63|6510";"it"
604907;;"Gommini, kit di traverse, kit da incasso e rampe per auto sportive. Qui troverete tutti gli accessori per ponti sollevatori a doppia forbice.";"7641afe014ce6152d28b9d6c88d377951a17889c";;"filter-media:00392090_scissor-lift-ds-32-30-mm-rubber-pad-di.png,filter-isAccessoryFor:3443";"it"
605690;;"Scopri subito di più sui dispositivi Rotary di distribuzione dell'aria compressa, sulle unità di manutenzione e sui raccordi.";"571763c0f806a7292426c9b92e93dd0c12ec5c2e";;"filter-media:00022395_operating-hours-counter-web-mid.png,filter-category:3552|3549";"it"
604094;;"I ponti sollevatori a doppia forbice Rotary hanno un design intelligente e intuitivo. Scopri i nostri sollevatori a forbice elettroidraulici con portata da 3200 a 3500 kg.";"2dca4fd91408ab2e62e364b741ba318ebd44f064";;"filter-media:00285861_scissor-lift-ds-35-mi.png,filter-category:3443,filter-property:4856|368|3465|61|262|6507|6510|1676";"it"
605677;;"I bracci di sicurezza e il kit retrofit sono i tuoi prossimi accessori per sollevatori a ruote Rotary e per le tue operazioni di trasporto ruote.";"e31af82172ed51938af41268361f154030ea1e99";;"filter-media:00438629_retrofit-kit-mw80-jd-nkit-mi-126692.png,filter-isAccessoryFor:263550";"it"
605723;;;"bc73fcd9f48057cf2489b29df4978e946cf15d90";;"filter-media:00409445_teq-link-logo-01-mi.png,filter-category:3426";"it"
605689;;"Uno dei dispositivi più importanti nelle operazioni in officina è il serbatoio di aria compressa, disponibile sia in versione verticale che orizzontale.";"5efbd542591c77e6261523204cfe9067d53e3322";;"filter-media:00022371_druckluftbehalter-liegend_web.png,filter-category:20964";"it"
604095;;"Robusti ponti sollevatori a forbice per autocarri con capacità fino a 3500 kg e ponti sollevatori a forbice per veicoli standard e moto.";"fa0be643f75563ace8a056517272773a41a1e286";;"filter-media:00285863_scissor-lift-s-40-mi.png,filter-category:3445|24026|571841,filter-property:4856|368|3465|61|262|6507|6510|1676|6500|666|6499";"it"
604908;;"Kit di rampe, kit di illuminazione a LED, travi di livellamento e martinetti saranno i tuoi prossimi accessori per sollevatori a forbice.";"9869cca21c58d9a82b88e6785693716bb878f4ca";;"filter-media:00287553_rubber-bases-80mm-new-mi.png,filter-isAccessoryFor:3445|24026|571841";"it"
605632;;;"9a427ce4a75528af867aa7a811d39f059a5e9b18";;"filter-media:00058577_in-ground-lift-sl-235-bmw-x5-front-mi.png,filter-category:3430|3432|3433|3436|3437,filter-property:6501|6506|368|3465|61|262|160|1676|6500|6509|666|6496|6497|6498|6499|663";"it"
604909;;"Adattatori, supporti per piste e cassette di installazione zincate. Questi accessori per sollevatori a cilindri interrati ti garantiranno il massimo comfort.";"f6cad06cb70dfbb26e6801d7a4dc9957f62f0e35";;"filter-media:00243681_in-ground-lift-2nd-controler-di.png,filter-isAccessoryFor:3430|3432|3433|3436|3437";"it"
605672;;"Gli accessori per sollevatori multi pistone sono ciò che ti serve se cerchi protezioni »run-into», sospensioni per cavi o piastre di supporto.";"d5ebbda6d6e43eef4cca522eb9d7e8a2bcfd3de3";;"filter-media:00346765_smart-cart.png,filter-isAccessoryFor:3450";"it"
605638;;"I sollevatori a cilindri interrati sono ideali per veicoli pesanti come camion, autobus o macchine agricole. Scopri subito la serie DUPLEX.";"07d8f4eaf4226bcb0be6835a329fd2c919101abc";;"filter-media:00346768_duplex-s2-3d-mi.png,filter-category:3450,filter-property:1644|6506|368|3465|6533|6530|61|3127|63|6532|6510|1676";"it"
604925;;"Scoprite i migliori accessori per ponti sollevatori a colonne mobili. Adattatori anteriori e posteriori per colonne e molti altri supporti ti aspettano.";"b69fa1dfa47fd1b252a16449b310d12c71f25400";;"filter-media:00263258_hydrolift-traverse-12-2C4-t-di.png,filter-isAccessoryFor:3452";"it"
604107;;"I ponti sollevatori a colonne mobili sono l’attrezzatura perfetta se sei alla ricerca di sollevatori per veicoli pesanti. Scopri subito l gamma Hydrolift!";"c9b1bb50bd97ed8c9d95ef38e039f85d7bd2d439";;"filter-media:00409831_hydrolift-s2-agrar-with-john-deere-front-ral7016-mi.png,filter-category:3452,filter-property:368|4080|1644|61|3127|63|3782|5|6510";"it"
604108;;"I  nostri sollevatori da fossa combinano design ergonomico e una tecnologia innovativa. Disponibili nelle versioni sospese e a pavimento.";"632c1df9530ea594d5c9bdda98e936cce3250f9e";;"filter-media:00202271_blitz-m-15_15-premium.png,filter-category:3560|3563|3561|3562|3567,filter-property:368|688|4859|6527|6528|6530|61|63|83|86|6510|1676";"it"
604915;;"Sei alla ricerca di accessori per sollevatori da fossa per la tua officina? Qui troverai piastre di sostegno, traverse per sollevatori da fossa e altro ancora.";"b942363dcefc3c3adda5d43d641ebb4a1f338655";;"filter-media:00022512_gearbox-plate-ga-pkw-mi.png,filter-isAccessoryFor:3560|3563|3561|3562|3564|3567|3568";"it"
604109;;"I martinetti  sono il tuo prossimo assistente in officina. Questi sollevatori sono ideali per carichi piccoli e medi. Progettati da Blitz.";"abae30f206a042208b61e251b581fab56b8582b4";;"filter-media:00022499_gearbox-lift-junior-jack-2-2C0-s2-mi.png,filter-category:3570,filter-property:368|688|6527|61|63|86|6510|1676";"it"
604934;;"Ricambi e accessori per martinetti. Scegli l'accessorio di cui hai più bisogno per rendere l'attrezzatura della tua officina ancora più avanzata.";"b8afa6f8c8f0f1c2a5494573196e47383f9c0fcd";;"filter-media:00023459_mittelpunktaufnahme-master-gear-103544_web.png,filter-isAccessoryFor:3570";"it"
604110;;"Le traverse Rotary idro-pneumatiche sono sviluppate per durare a lungo e garantire più precisione e zero sforzi nelle tue operazioni d'officina.";"20633b23c18ad4c96b08523088fb527c755110fe";;"filter-media:00022493_jacking-beam-ghusktp-mi.png,filter-category:3573|3574,filter-property:368|688|4853|6527|6528|6530|61|63|86|6510|1676";"it"
604917;;;"3dd0d091631e7edceedc9a0a84a4e1cea2623bac";;"filter-media:00466347_accessories_jacking_beam-mi.png,filter-isAccessoryFor:3573|3574";"it"
604111;;"Sei alla ricerca di carrelli sollevatori universali per sollevare motori e batterie in officina? Scopri subito tutta la gamma Rotary!";"93e1582758df9f797bf4b9f4e3142fdbefa22b9a";;"filter-media:00022504_gearbox-lift-master-gear-1-2C0-mi.png,filter-category:3571,filter-property:368|688|61|63|6510|1676";"it"
604939;;"Trova gli accessori per carrelli sollevatori all'interno della selezione Rotary. Scegli l'accessorio giusto per sollevare motori e componenti dell'auto.";"6fe7334d0aa3643a5826b9057636951ebb0d3337";;"filter-media:00489217_Accessory-Lifting-Tables-Aggregate-mounting-Universal-107856-MI.png,filter-isAccessoryFor:3571";"it"
605649;;"La nostra gamma di presse idrauliche mobili include tutta l'attrezzatura è ideale per la rimozione e l'inserimento rapido e sicuro dei perni di ancoraggio.";"e645e9f2e7a01d58ca5deafbfaeb10b52ff95d1b";;"filter-media:00425196_kingpin-press-bp65-mi.png,filter-category:3587,filter-property:368|162|63|1643|1643|6510|1676";"it"
605679;;;;;"filter-isAccessoryFor:3587";"it"
605650;;"Utensili speciali per progetti speciali. Scopri una vasta gamma di attrezzature per l'officina che comprende molteplici tool, supporti e dispositivi.";"bf529f574d01bd5ecc7ff665995474493f445e1f";;"filter-media:00022571_motorhebevorrichtung--m_c_s-klasse--m-30-1.png,filter-category:3564|3568,filter-property:6546|61|622|80";"it"
605681;;"Accessori e strumenti speciali sono indispensabili in officina. Ecco perché regolatori di carico o dispositivi di sollevamento del motore sono così importanti.";"eea740c38a62ba90c02088d5f21d2252f64fc13a";;"filter-media:00022572_cdisk-s-g-detail_web.png,filter-isAccessoryFor:3564|3568";"it"
605698;;"Le piastre di trasmissione sono accessori per carrelli sollevatori e sollevatori da fossa particolarmente adatti alle trasmissioni automatiche.";"8e462b11abd7f10c9836a828ea276bdd0de1d982";;"filter-media:00022508_gearbox-plate-ga-iii-mi.png,filter-category:538665,filter-property:61|622|80";"it"
605699;;"Personalizza il tuo ponte sollevatore con dispositivi di trasporto del carico che lo renderanno perfetto per le tue operazioni d'officina.";"30c25fa236c1418a17130981bfe5ec20d9962e1d";;"filter-media:00023275_supporting-folks-60-165-without-text-web-mid.png,filter-category:517844|517846,filter-property:6546|61|622|80";"it"
605700;;"I sistemi di supporto Rotary aiutano ogni meccanico a rendere più potenti ed efficienti le proprie attrezzature da officina.";"86f24777d7d5549fa5a09e9188ee852bef03072c";;"filter-media:00023295_traverse-tef-107445-without-text-web-mid.png,filter-category:517848,filter-property:6546|61|622|80";"it"
605701;;"Grazie alle coperture per fosse, è possibile lavorare davanti, sotto e dietro il veicolo, utilizzando anche vie d'accesso laterali.";"5c815083fe20efaa88f91e58f518cc0b91a2b8d7";;"filter-media:00023013_grubenabdeckung_web.png,filter-category:3577,filter-property:5018";"it"
605702;;"Scopri il bordo pozzetto da officina più adatto a alle tue esigenze. Scopri i numerosi tipi di bordi per pozzi d'officina offerti da Rotary.";"896514225da4658649f3b88e0e65a1f250de5b9b";;"filter-media:00023017_grbeinf-typ-a_web.png,filter-category:3578";"it"
604861;;;;;;"it"
605725;;;;;;"it"
605726;;;;;;"it"
604859;;;;;;"it"
605727;;;;;;"it"
604855;;;;;;"it"
605728;;;;;;"it"
604851;;;;;;"it"
604850;;;;;;"it"
604849;;;;;;"it"
604857;;;;;;"it"
605724;;;;;;"it"
604858;;;;;;"it"
604853;;;;;;"it"
604852;;;;;;"it"
604860;;;;;;"it"
604862;;;;;;"it"
604864;;;;;;"it"
604865;;;;;;"it"
604863;;;;;;"it"
605729;;;;;;"it"
604856;;;;;;"it"
