[cat:id];[cat-i18n:description];[cat-i18n:description_short];[cat:images];[cat:files];[cat:attributes];[p:locale]
cdxi_category;sco_description;sco_disambiguatingDescription;sco_mediaObject;sco_mediaObject;cdxi_publicationCategoryAttributes;cds_language
604078;;"Die Fahrzeughebebühnen von Rotary bieten zahlreiche Möglichkeiten. Entdecken Sie jetzt unser Angebot an Hubtechnik: 2-Säulen-Hebebühnen, Radgreifanlagen, Hubtische und vieles mehr.";"61d290695bdffed8a116edd927968777fd926e3d";;"filter-media:00495614_spma-32-35-mi.png";"de"
605668;;"Entscheiden Sie sich für die Drucklufttechnik von Rotary und wählen Sie jetzt Ihre nächste Druckluftstation aus unserem Angebot von Schrauben- bis Kolbenkompressoren.";"1cc3ccfde677e5a043b57a2815f33451f17268b1";;"filter-media:00262541_twinpistoncompressor-logos920-500h-mi.png";"de"
604127;;"Die Produkte von Rotary für den Reifenservice sind ein Symbol für Zuverlässigkeit. In unserem breiten Angebot an Reifenservicegeräten finden Sie Ihre nächste Reifenmontiermaschine oder Auswuchtmaschine.";"09ab27e52880e0cb17f976669239b7bbfff34b1b";;"filter-media:00479300_wheel-balancer-librak360-brb-mi.png";"de"
604146;;"Die Diagnosesysteme von Rotary sind die ideale Lösung für die Achsvermessung. Entdecken Sie jetzt die 3D-Achsmessgeräte in verschiedenen Ausführungen und ADAS-Kalibrierungssysteme.";"75958466f3ee1ead889de8d69e7df9de509e0293";;"filter-media:00495657_wheel-aligner-3d-wifi-version-large-mi.png";"de"
604166;;"Das Batterieservice-Angebot von Rotary bietet Hochfrequenz-Batterieladegeräte, die sich hervorragend für den Einsatz in Ihrer Werkstatt eignen.";"7e95e19e08caa81a28318995b96a4fdbc151502c";;"filter-media:00466366_battery-charger-hs-12-24-120rc_with-remote-display-mi.png";"de"
616154;;"Suchen Sie nach sonstigen Produkten? Hier finden Sie Desinfektionsgeräte und Werkstattmöbel, die Ihren Arbeitsplatz effizienter und komfortabler machen.";"c3ac610693e8ea57bb4ee11ece15181b1d84bc4f";;"filter-media:00504317_workshop-furniture-rot.wb-c276.900043-mi.png";"de"
605743;;;;;"filter-media:00267364_spot-welder-multispot-mi-100-control-t-mtc-6000-mi.png,filter-category:3510|3511|54222,filter-property:36|1859";"de"
604896;;"Das Zubehör für Werkstatthebebühnen ist entscheidend. Unsere Auswahl an Zubehör für Hebebühnen beinhaltet Kits, Gummiauflagen, Abdeckungen und vieles mehr.";"301ff592247efd05439c4c11ee3358edf74cd092";;"filter-media:00472700_jacking-beam-rj-x26-1-mi.png";"de"
605683;;"Das Angebot von Rotary an Zubehör für die Drucklufttechnik beinhaltet Kompressoröle, Armaturen, Stillstandheizungen und Druckluftbehälter. Jetzt mehr erfahren.";"81560900f3ba67ca06a79325343c5999d61352d2";;"filter-media:00136766_air-oil-water-separator-owamat-12-mi.png";"de"
604898;;"Rotary bietet ein breites Spektrum an Zubehör für den Reifenservice, einschließlich Zubehör für Auswuchtmaschinen und Reifenmontiermaschinen wie Wulstklemmen und Schutzvorrichtungen.";"bc0b1491a02738660ff1c1d63ba88b9881d4c78e";;"filter-media:00373642_wheel-balancer-internal-and-external-laser-di.png";"de"
604900;;"Drehteller, Tablets, Radklemmen, Kalibriertafeln und Kamerasystem-Kalibrierung sind nur ein Teil des verfügbaren Zubehörs für die Diagnose von Rotary.";"71a25bafda78dd9f389f4f07a0d8229bc8bdc418";;"filter-media:00437850_wheel-aligners-bu-td2.0wifi-tablet-di.png";"de"
604902;;"Erfahren Sie mehr über das Batterieservice-Zubehör einschließlich des Batterie-Service-Fahrwagens für die HS12/24-120-Serie in Ihrer Werkstatt.";"28d79901f9c9cfe968fa41a077c9444152e718a7";;"filter-media:00398434_battery-charger-trolley-hs12-24-120b--mi.png";"de"
616159;;;"0ac088b2f68a12940e17e21162c09fc78b3713c9";;"filter-media:00452816_sanitizer-snt-o3-filter-kit-mi.png";"de"
605750;;;;;"filter-media:00267389_c-pliers-arms-mi-419787.png,filter-isAccessoryFor:3510|3511|54222";"de"
605753;;;"cae48ec5902e9baafa42dd0153d72c9b35e24c1c";;;"de"
605733;;;"995cf972bb773b2267fc53605edb183437e746aa";;"filter-media:00452811_sanitizer-snt-o3-trolley-mi.png,filter-isAccessoryFor:526967";"de"
605651;;"Kolbenkompressoren mit horizontalen und vertikalen Druckluftbehältern sind die ideale Lösung für kleine Räume und Werkstätten. Entwickelt von Blitz.";"ca2c4f04c0c44c556a612e3030f16a014a3fd82e";;"filter-media:00022397_twin-piston-compressor-mobile-airmobil-diesel-mi.png,filter-category:3882,filter-property:5088|6536|6529|5086|3293|444|4838|340|339|5083|5084|93|6510|13";"de"
605730;;;;;;"de"
604082;;"Rotary bietet verschiedene Modelle von 2-Säulen-Hebebühnen zur Auswahl an. Entdecken Sie die einzelnen Modelle auf unserer Website und wählen Sie das für Ihre Werkstatt am besten geeignete Modell.";"61d290695bdffed8a116edd927968777fd926e3d";;"filter-media:00495614_spma-32-35-mi.png,filter-category:3441,filter-property:4079|368|498|3465|61|262|6510|6496|6497|6498";"de"
604133;;"Automatische Reifenmontiermaschinen eignen sich ideal für die Demontage von Reifen. Sie haben die Wahl zwischen hebellosen, elektronischen Reifenmontiermaschinen mit pneumatischem Radheber und vielem mehr.";"f72ee4ad9067560b89f775ced11b1f13f41fa4f4";;"filter-media:00373684_tyre-changers-capture4-mi.png,filter-category:3483|3482,filter-property:6521|6522|6531|6523|6524|4959|3335|399|29|6519|6520|5";"de"
604955;;"Das Zubehör für Batterie-Ladegeräte von Rotary bietet Lösungen wie zum Beispiel den Batterie-Service-Fahrwagen für den regelmäßigen Einsatz in Ihrer Werkstatt.";"28d79901f9c9cfe968fa41a077c9444152e718a7";;"filter-media:00398434_battery-charger-trolley-hs12-24-120b--mi.png,filter-isAccessoryFor:3582";"de"
604942;;"Erfahren Sie mehr über unser Zubehör für die Achsvermessung. Wir bieten Fahrgestelle für Radhalter, Wandpanels, Radklemmen und vieles mehr!";"ce47da06f62e4cf35fa2fb4ea62f6124b8ec43c4";;"filter-media:00472556_point-clamps_di.png,filter-isAccessoryFor:3404|3403";"de"
604940;;"Das Zubehör für Reifenmontiermaschinen von Rotary ist die ideale Lösung, wenn Sie hebellose Kits, Adapter und Schutzvorrichtungen für Werkstattausrüstung suchen.";"a678f3fb75b24678038e3ecdb98ec8adf28bb1fa";;"filter-media:00394184_tyre-changer-rim-flange-di.png,filter-isAccessoryFor:3483|3482";"de"
605685;;"Sie suchen Komponenten, flexible Schläuche und Schalldämpfer für Ihre Werkstattausrüstung? Entdecken Sie das von uns angebotene Zubehör für Kolbenkompressoren!";"a82fec0ad522de4d018ca272ae424d8c511110bc";;"filter-media:00022387_kondensatableiter-automatisch_web.png,filter-isAccessoryFor:3882";"de"
604159;;"Sie sind auf der Suche nach Achsmessgeräten für Ihre Werkstatt? Entscheiden Sie sich für tabletgesteuerte Achsmessgeräte mit Bluetooth-Datenübertragung.";"75958466f3ee1ead889de8d69e7df9de509e0293";;"filter-media:00495657_wheel-aligner-3d-wifi-version-large-mi.png,filter-category:3404|3403,filter-property:6538|6523|6524|6534|26|127";"de"
605734;;;"31486f87e462a9997a03563038251c56ca846851";;"filter-media:00267364_spot-welder-multispot-mi-100-control-t-mtc-6000-mi.png,filter-category:3511,filter-property:36|1859";"de"
616153;;;"92c2d39a18489349976caad039cd54a19bf76cd8";;"filter-media:00504323_workshop-furniture-tune-series-mi.png,filter-category:3547|3605|3606|3607|3608|3609,filter-property:170|79|80";"de"
604171;;"Bei den Batterie-Ladegeräten aus dem Batterieservice-Angebot handelt es sich um Hochfrequenzgeräte, die speziell für jeden Einsatz in der Kfz-Elektrowerkstatt entwickelt wurden.";"6e0b83e6ab545ae64502dfd77b4c3d143cb19d83";;"filter-media:00361528_battery-charger-hs-12-24-120-520550_mi.png,filter-category:3582,filter-property:6542|5023|174|2855|180";"de"
604904;;"Das Zubehör für 2-Säulen-Hebebühnen ist Ihr neues Supportteam, das Ihre Ausrüstung noch effizienter macht. Entdecken Sie unser Angebot an Support-Kits, Adaptern und mehr.";"2197b0ce07df0eb88f9b121a71de5eb0de4d5bfc";;"filter-media:00312548_2-post-lift-spoa-3t-e-operating-unit-2014-di.png,filter-isAccessoryFor:3441";"de"
605752;;;"0246a8daf1c4c99c5b6e2b666e9e927fb60b8730";;"filter-media:00267389_c-pliers-arms-mi-419787.png,filter-isAccessoryFor:3511";"de"
604092;;"Die 4-Säulen-Hebebühnen von Rotary sind in verschiedenen Modellen mit Tragfähigkeiten von 4 bis 8 Tonnen erhältlich. Erfahren Sie mehr!";"3f8fb6f357fc4c757ff50379abf2e9bfcfecbc28";;"filter-media:00349255_4-post-lift-sm-55lt-5er-bmw-mi.png,filter-category:3442,filter-property:4079|368|498|3465|61|262|6505|6510|6500|666|6499";"de"
604163;;;"719f5875f086e9132d0275fc02e9b8757ccdb207";;"filter-media:00408614_brake-tester-burt004-monitor-mi.png,filter-category:156541|3411,filter-property:5018|1785|1964|1965|192|6510";"de"
604134;;"Entscheiden Sie sich für elektronische Auswuchtmaschinen mit Display oder elektronische Auswuchtmaschinen für das Auswuchten von Reifen. Auch für Motorradräder erhältlich.";"794ebfec679f29a403245bcd58c0f53fc159f58e";;"filter-media:00373714_wheel-balancer-librak430-mi.png,filter-category:3485,filter-property:6525|6526|6523|6524|26|4915|29|5";"de"
604866;;;;;;"de"
605652;;"Schraubenkompressoren sind leistungsstarke Druckluftstationen. Diese kompakten Druckluftstationen überzeugen durch ihre Wirtschaftlichkeit und Effizienz.";"a3dd27f34839a17d83f2f567a4b6b48aca1132b0";;"filter-media:00262514_compact-screw-compressor-monsun-fast-15-8-10-13-open-mi.png,filter-category:3884,filter-property:5088|6536|6537|6529|5086|3293|277|5083|5084|93|6510|13";"de"
604943;;;"fff9e19a60424ac5fabe4b5d92243d42ae9d6f7b";;"filter-media:00408631_brake-tester-display-with-mounting-di.png,filter-isAccessoryFor:156541";"de"
604941;;"Entdecken Sie das passende Zubehör für Auswuchtmaschinen, mit dem Sie Ihre Auswuchtarbeiten optimieren können. Wir bieten Universalflansche, Zentrierkonusse und vieles mehr.";"a5059f8ff267c72fef546ad260cf78a827716a45";;"filter-media:00430972_wheel-balancer-type-flange-for-5-hole-rims-renault-trafic-di-gar219.png,filter-isAccessoryFor:3485";"de"
605713;;"Die VSG-Fahrzeugdesinfektionsgeräte sind vollautomatische, fernbedienbare Desinfektionsgeräte, die den Innenraum von Fahrzeugen sicher machen. Erfahren Sie mehr.";"311265b920231172b97fa0d17ec8e758d4695241";;"filter-media:00452814_sanitizer-snt-o3-mi.png,filter-category:526967,filter-property:6554|832|6549|6551";"de"
604905;;"Das Rotary-Zubehör für 4-Säulen-Hebebühnen bietet Tools wie Verlängerungen, Zusatzrampen, Unterflur-Kits und Gummiauflagen. Entdecken Sie alle Angebote!";"64540609375411e6381cf1791864ffca60f9e28a";;"filter-media:00309599_additional-drive-on-ramps-900mm-mi.png,filter-isAccessoryFor:3442";"de"
605686;;"Wir bieten Zyklonabscheider, Wärmerückgewinnung und Stillstandsheizungen als Zubehör für Schraubenkompressoren an.";"8da311ab406dcaab0407888bb0f83202ea2bf890";;"filter-media:00022476_warmetauscher_web.png,filter-isAccessoryFor:3884";"de"
604093;;"Sparen Sie Platz in der Werkstatt mit den Kurzhub-Scherenhebebühne von Rotary. Mit einer Tragfähigkeit von bis zu drei Tonnen bieten Ihnen unsere Kurzhub-Scherenhebebühnen die ideale Lösung.";"5fd7130284b4f1a7a611520ec96cc1b8b68a67b3";;"filter-media:00447996_scissor-lift-xs30n-mi.png,filter-category:3444,filter-property:4856|368|3465|61|262|6507|6510|1676";"de"
605687;;"Das Angebot an Kältetrocknern von Blitz umfasst energiesparende Kältetrockner und Druckluft-Kältetrockner. Jetzt mehr erfahren!";"678ac637d9f8282d1c256c6c464402ee4494993f";;"filter-media:00346785_air-dryer-bt-mi.png,filter-category:263737";"de"
605688;;"Wählen Sie die Druckluftfilter, die Sie für die Aufbereitung Ihrer Druckluft benötigen. Entscheiden Sie sich anhand der von Ihnen gesuchten Eigenschaften für das passende Produkt.";"a54108113fa8ca38b744a7a84ecbc2f3a12f57b2";;"filter-media:00022386_air-condensate-drain-bekomat-21-mi.png,filter-category:3549";"de"
604135;;"Unser Angebot an Reifendruckprüfern umfasst zahlreiche Varianten. Erfahren Sie mehr über Ihren nächsten tragbaren oder stationären Reifenfüller für die Werkstatt.";"3f87107d6d278eb461cf5864373fcb4f242bdc1a";;"filter-media:00466348_tire_inflator_cat.png,filter-category:3551|24563,filter-property:832|6535|476|6534|26|477|59";"de"
604954;;"Wenn Sie nach ADAS-Zubehör suchen, finden Sie hier Kalibrierpanels und -tafeln oder Kamerasystem-Kalibrierung, die optimal auf Ihre Anforderungen zugeschnitten sind.";"b2d1f1cfe47546edf8c4d483360df8e35ca71e14";;"filter-media:00421216_anpassung-fahrerassistenzsysteme.png,filter-isAccessoryFor:411243";"de"
604944;;;"7d67e7adb054f877c8d1f085a00d890cb13b5084";;"filter-media:00510118_tyre-inflator-giboxa2-mi-02.png,filter-isAccessoryFor:3551|24563,filter-property:832|6535|476|6534|26|477|59";"de"
604165;;"ADAS-Kalibrierungssysteme sind die Zukunft der Fahrzeugdiagnose. Die mit TEXA entwickelten Kalibrierungssysteme sind sowohl als Tafel- als auch als Monitorausführung erhältlich.";"670edb2ccfbdc94d8fb2e9de15191bef39d010b9";;"filter-media:00495774_rotary-diagnostic-adas-cover-mi.png,filter-category:411243,filter-property:6562|6563|832";"de"
604906;;"Entdecken Sie das gesamte Rotary-Zubehör für Kurzhub-Hebebühnen. Das Angebot reicht von langen Rampen für Sportwagen bis hin zu Einbaukästen für den ebenerdigen Einbau.";"affdee15b3a87e9994e5abdf89ae2188536e1951";;"filter-media:00287551_xs-30-drive-on-ramps-sports-car-mi.png,filter-isAccessoryFor:3444";"de"
605648;;"Der Radmontagewagen ist ideal für den Transport und die Montage von Rädern. Bei diesem Werkstattgerät handelt es sich um einen batteriebetriebenen mobilen Radwagen.";"3356d776e7066e8ff26d12043e4811954830f0f0";;"filter-media:00377512_mobile-wheel-carriage-mw80-mi-124524.png,filter-category:263550,filter-property:368|61|63|6510";"de"
604907;;"Gummiauflage, Quertraversesatz, Unterflur-Kits und Sportwagenrampen. Hier finden Sie sämtliches Zubehör für Doppelscheren-Hebebühnen.";"7641afe014ce6152d28b9d6c88d377951a17889c";;"filter-media:00392090_scissor-lift-ds-32-30-mm-rubber-pad-di.png,filter-isAccessoryFor:3443";"de"
605690;;"Erfahren Sie mehr über Druckluftverteilungsgeräte, Wartungsgeräte und Armaturen. Hier finden Sie wichtige Produkte wie die Kondensatabscheider/Filterkombination.";"571763c0f806a7292426c9b92e93dd0c12ec5c2e";;"filter-media:00022395_operating-hours-counter-web-mid.png,filter-category:3552|3549";"de"
604094;;"Die Doppelscheren-Hebebühnen von Rotary zeichnen sich durch ein intelligentes Design und eine einfache Bedienung aus. Entdecken Sie unsere elektrohydraulischen Scherenhebebühnen mit Tragfähigkeiten von 3200 bis 3500 kg.";"2dca4fd91408ab2e62e364b741ba318ebd44f064";;"filter-media:00285861_scissor-lift-ds-35-mi.png,filter-category:3443,filter-property:4856|368|3465|61|262|6507|6510|1676";"de"
605677;;"Die Sicherheitsarme und das Nachrüstset für MW50 und MW80 sind das passende Zubehör für den Rotary-Radmontagewagen und den Radtransport.";"e31af82172ed51938af41268361f154030ea1e99";;"filter-media:00438629_retrofit-kit-mw80-jd-nkit-mi-126692.png,filter-isAccessoryFor:263550";"de"
605723;;;"bc73fcd9f48057cf2489b29df4978e946cf15d90";;"filter-media:00409445_teq-link-logo-01-mi.png,filter-category:3426";"de"
605689;;"Zu den wichtigsten Geräten im Druckluftbetrieb gehört der Druckluftbehälter, der in unserem Angebot sowohl in vertikaler als auch in horizontaler Ausführung erhältlich ist.";"5efbd542591c77e6261523204cfe9067d53e3322";;"filter-media:00022371_druckluftbehalter-liegend_web.png,filter-category:20964";"de"
604095;;"Das Angebot von Rotary umfasst robuste Lkw-Scherenhebebühnen mit Tragfähigkeiten von bis zu 3500 kg, Hebebühnen für Motorräder sowie Scherenhebebühnen für Standardfahrzeuge.";"fa0be643f75563ace8a056517272773a41a1e286";;"filter-media:00285863_scissor-lift-s-40-mi.png,filter-category:3445|24026|571841,filter-property:4856|368|3465|61|262|6507|6510|1676|6500|666|6499";"de"
604908;;"Unterflur-Klappen, LED-Beleuchtungskits, Bodenausgleich und Achfreiheber als Zubehör für Scherenhebebühnen. Entdecken Sie jetzt das Rotary-Zubehör.";"9869cca21c58d9a82b88e6785693716bb878f4ca";;"filter-media:00287553_rubber-bases-80mm-new-mi.png,filter-isAccessoryFor:3445|24026|571841";"de"
605632;;;"9a427ce4a75528af867aa7a811d39f059a5e9b18";;"filter-media:00058577_in-ground-lift-sl-235-bmw-x5-front-mi.png,filter-category:3430|3432|3433|3436|3437,filter-property:6501|6506|368|3465|61|262|160|1676|6500|6509|666|6496|6497|6498|6499|663";"de"
604909;;"Aufnahmesatz, Fahrflächen-Aufnahme und verzinkte Einbaukassetten. Mit dem Zubehör für Unterflur-Hebebühnen in Ihrer Werkstatt ist Ihr Komfort garantiert.";"f6cad06cb70dfbb26e6801d7a4dc9957f62f0e35";;"filter-media:00243681_in-ground-lift-2nd-controler-di.png,filter-isAccessoryFor:3430|3432|3433|3436|3437";"de"
605672;;"Das Zubehör für Mehrstempelanlagen bietet alles, was Sie brauchen, wenn Sie auf der Suche nach automatischem Anfahrschutz, Seilaufhängungen oder Tragtellern sind.";"d5ebbda6d6e43eef4cca522eb9d7e8a2bcfd3de3";;"filter-media:00346765_smart-cart.png,filter-isAccessoryFor:3450";"de"
605638;;"Erfahren Sie mehr über die Mehrstempelanlagen der DUPLEX-Serie. Die Mehrstempelanlagen eignen sich ideal für schwere Fahrzeuge wie Lkw, Busse oder landwirtschaftliche Maschinen.";"07d8f4eaf4226bcb0be6835a329fd2c919101abc";;"filter-media:00346768_duplex-s2-3d-mi.png,filter-category:3450,filter-property:1644|6506|368|3465|6533|6530|61|3127|63|6532|6510|1676";"de"
604925;;"Entdecken Sie das optimale Zubehör für Radgreifanlagen. Front- und Heckadapter für Säulen und zahlreiche weitere Zubehörteile warten auf Sie.";"b69fa1dfa47fd1b252a16449b310d12c71f25400";;"filter-media:00263258_hydrolift-traverse-12-2C4-t-di.png,filter-isAccessoryFor:3452";"de"
604107;;"Die Radgreiferanlagen sind die perfekte Werkstattausrüstung, wenn Sie nach Hebebühnen für Schwerlastfahrzeuge suchen. Entdecken Sie jetzt unser HydroLift-Angebot!";"c9b1bb50bd97ed8c9d95ef38e039f85d7bd2d439";;"filter-media:00409831_hydrolift-s2-agrar-with-john-deere-front-ral7016-mi.png,filter-category:3452,filter-property:368|4080|1644|61|3127|63|3782|5|6510";"de"
604108;;"Unsere Grubenheber verbinden ergonomisches Design mit moderner Hubtechnik und Sicherheit. Die Grubenheber sind in hängender und bodenfahrbarer Ausführung erhältlich.";"632c1df9530ea594d5c9bdda98e936cce3250f9e";;"filter-media:00202271_blitz-m-15_15-premium.png,filter-category:3560|3563|3561|3562|3567,filter-property:368|688|4859|6527|6528|6530|61|63|83|86|6510|1676";"de"
604915;;"Wenn Sie Zubehör für Grubenheber für Ihre Werkstatt suchen, finden Sie hier Abstützpakete, Tragteller, Traversen für Grubenheber und vieles mehr.";"b942363dcefc3c3adda5d43d641ebb4a1f338655";;"filter-media:00022512_gearbox-plate-ga-pkw-mi.png,filter-isAccessoryFor:3560|3563|3561|3562|3564|3567|3568";"de"
604109;;"Unsere Getriebeheber sind Ihr zukünftiger Helfer in der Werkstatt. Getriebeheber eignen sich ideal für kleine und mittlere Lasten. Entwickelt von Blitz.";"abae30f206a042208b61e251b581fab56b8582b4";;"filter-media:00022499_gearbox-lift-junior-jack-2-2C0-s2-mi.png,filter-category:3570,filter-property:368|688|6527|61|63|86|6510|1676";"de"
604934;;"Ersatzteile und Zubehör für Getriebeheber. Entscheiden Sie sich für das Zubehör, das Ihre Werkstatt optimal ergänzt.";"b8afa6f8c8f0f1c2a5494573196e47383f9c0fcd";;"filter-media:00023459_mittelpunktaufnahme-master-gear-103544_web.png,filter-isAccessoryFor:3570";"de"
604110;;"Die hydropneumatischen Achsfreiheber von Rotary wurden für langjährige Nutzung entwickelt und gewährleisten höchste Präzision bei Ihren Werkstattarbeiten.";"20633b23c18ad4c96b08523088fb527c755110fe";;"filter-media:00022493_jacking-beam-ghusktp-mi.png,filter-category:3573|3574,filter-property:368|688|4853|6527|6528|6530|61|63|86|6510|1676";"de"
604917;;;"3dd0d091631e7edceedc9a0a84a4e1cea2623bac";;"filter-media:00466347_accessories_jacking_beam-mi.png,filter-isAccessoryFor:3573|3574";"de"
604111;;"Ist der Universalhubtisch zum Anheben von Motoren und Batterien das, was Sie für Ihre Werkstatt suchen? Entdecken Sie das Angebot an Rotary-Hubtischen!";"93e1582758df9f797bf4b9f4e3142fdbefa22b9a";;"filter-media:00022504_gearbox-lift-master-gear-1-2C0-mi.png,filter-category:3571,filter-property:368|688|61|63|6510|1676";"de"
604939;;"Entdecken Sie das ideale Zubehör für Hubtische im Rotary-Angebot. Hier finden Sie die ideale Universal-Aggregataufnahme für die Aufnahme von Motoren und Komponenten.";"6fe7334d0aa3643a5826b9057636951ebb0d3337";;"filter-media:00489217_Accessory-Lifting-Tables-Aggregate-mounting-Universal-107856-MI.png,filter-isAccessoryFor:3571";"de"
605649;;"Unser Angebot an mobilen Werkstattpressen beinhaltet die Achsschenkel-Bolzenpressen. Sie eignen sich ideal für das schnelle und sichere Aus- und Einpressen von Achsschenkelbolzen.";"e645e9f2e7a01d58ca5deafbfaeb10b52ff95d1b";;"filter-media:00425196_kingpin-press-bp65-mi.png,filter-category:3587,filter-property:368|162|63|1643|1643|6510|1676";"de"
605679;;;;;"filter-isAccessoryFor:3587";"de"
605650;;"Sonderwerkzeuge für besondere Projekte. Entdecken Sie ein umfangreiches Angebot an Werkstattausrüstung, darunter Abstützsysteme, Aggregataufnahmen und Ausbauvorrichtungen.";"bf529f574d01bd5ecc7ff665995474493f445e1f";;"filter-media:00022571_motorhebevorrichtung--m_c_s-klasse--m-30-1.png,filter-category:3564|3568,filter-property:6546|61|622|80";"de"
605681;;"Zubehör und Sonderwerkzeuge sind in der Werkstatt unverzichtbar. Deshalb sind Lastenregler, Abstützsystem oder Anpassungen so wichtig.";"eea740c38a62ba90c02088d5f21d2252f64fc13a";;"filter-media:00022572_cdisk-s-g-detail_web.png,filter-isAccessoryFor:3564|3568";"de"
605698;;"Die Getriebeplatten sind Zubehör für Getriebeheber, Hubtische und Grubenheber. Diese Geräte eignen sich besonders für Automatikgetriebe.";"8e462b11abd7f10c9836a828ea276bdd0de1d982";;"filter-media:00022508_gearbox-plate-ga-iii-mi.png,filter-category:538665,filter-property:61|622|80";"de"
605699;;"Gestalten Sie Ihre Kfz-Hebebühne individuell mit Lastaufnahmemitteln, die optimal für Ihre Anforderungen geeignet sind. Erfahren Sie mehr über Buchsen, Distanzstücke und Tragteller.";"30c25fa236c1418a17130981bfe5ec20d9962e1d";;"filter-media:00023275_supporting-folks-60-165-without-text-web-mid.png,filter-category:517844|517846,filter-property:6546|61|622|80";"de"
605700;;"Abstützsysteme für Werkstatt-Hebebühnen erleichtern es jedem Mechaniker, seine Werkstattausrüstung leistungsfähiger und effizienter zu gestalten. Entdecken Sie jetzt alle Abstützsysteme.";"86f24777d7d5549fa5a09e9188ee852bef03072c";;"filter-media:00023295_traverse-tef-107445-without-text-web-mid.png,filter-category:517848,filter-property:6546|61|622|80";"de"
605701;;"Dank der Segment-Grubenabdeckung ist es möglich, gleichzeitig vor, unter und hinter dem Fahrzeug zu arbeiten und auch den seitlichen Zugang zu nutzen.";"5c815083fe20efaa88f91e58f518cc0b91a2b8d7";;"filter-media:00023013_grubenabdeckung_web.png,filter-category:3577,filter-property:5018";"de"
605702;;"Wählen Sie die Grubeneinfassung, die am besten für Sie geeignet ist. Entdecken Sie die vielfältigen Arten von Werkstatt-Grubeneinfassungen von Rotary Lifts.";"896514225da4658649f3b88e0e65a1f250de5b9b";;"filter-media:00023017_grbeinf-typ-a_web.png,filter-category:3578";"de"
604861;;;;;;"de"
605725;;;;;;"de"
605726;;;;;;"de"
604859;;;;;;"de"
605727;;;;;;"de"
604855;;;;;;"de"
605728;;;;;;"de"
604851;;;;;;"de"
604850;;;;;;"de"
604849;;;;;;"de"
604857;;;;;;"de"
605724;;;;;;"de"
604858;;;;;;"de"
604853;;;;;;"de"
604852;;;;;;"de"
604860;;;;;;"de"
604862;;;;;;"de"
604864;;;;;;"de"
604865;;;;;;"de"
604863;;;;;;"de"
605729;;;;;;"de"
604856;;;;;;"de"
